{"cameraMode":{"drawMode":0,"name":"Shaded","section":"Shading Mode"},"sceneLighting":false,"audioPlay":false,"sceneViewState":{"showFog":true,"showMaterialUpdate":false,"showSkybox":true,"showFlares":true,"showImageEffects":true,"showParticleSystems":true},"in2DMode":false,"pivot":{"x":-3.6536505222320558,"y":-1.41621732711792,"z":1.8507521152496338},"rotation":{"x":-0.19733190536499024,"y":0.46723049879074099,"z":-0.10782773792743683,"w":-0.855060875415802},"size":9.54246711730957,"orthographic":false}