{"cameraMode":{"drawMode":0,"name":"Shaded","section":"Shading Mode"},"sceneLighting":false,"audioPlay":false,"sceneViewState":{"showFog":true,"showMaterialUpdate":false,"showSkybox":true,"showFlares":true,"showImageEffects":true,"showParticleSystems":true},"in2DMode":false,"pivot":{"x":-1.3717422485351563,"y":0.6929924488067627,"z":2.389320135116577},"rotation":{"x":-0.17250242829322816,"y":0.3177744448184967,"z":-0.05891242250800133,"w":-0.9304792284965515},"size":6.315902233123779,"orthographic":false}