{"cameraMode":{"drawMode":0,"name":"Shaded","section":"Shading Mode"},"sceneLighting":false,"audioPlay":false,"sceneViewState":{"showFog":true,"showMaterialUpdate":false,"showSkybox":true,"showFlares":true,"showImageEffects":true,"showParticleSystems":true},"in2DMode":false,"pivot":{"x":-3.178115129470825,"y":0.41999995708465578,"z":18.0},"rotation":{"x":-0.23195664584636689,"y":-0.2175493836402893,"z":0.053309712558984759,"w":-0.9465867877006531},"size":4.041658401489258,"orthographic":false}