{"cameraMode":{"drawMode":0,"name":"Shaded","section":"Shading Mode"},"sceneLighting":false,"audioPlay":false,"sceneViewState":{"showFog":true,"showMaterialUpdate":false,"showSkybox":true,"showFlares":true,"showImageEffects":true,"showParticleSystems":true},"in2DMode":false,"pivot":{"x":6.3158793449401859,"y":3.294860601425171,"z":3.4168224334716799},"rotation":{"x":0.08443599194288254,"y":0.12490860372781754,"z":-0.010669773444533348,"w":0.988511323928833},"size":20.064550399780275,"orthographic":false}